Before|After|Sid
0|1|0
1|2|0
2|3|0
3|4|0
4|5|0
5|6|0
6|7|0
7|8|0
8|9|0
9|10|0
10|11|0
11|12|0
12|13|0
13|14|0
14|15|0
15|16|0
16|17|0
17|18|0
18|19|0
19|20|0
20|21|0
21|22|0
22|23|0
23|24|0
24|25|0
25|26|0
26|27|0
27|28|0
28|29|0
29|30|0
30|31|0
31|32|0
32|33|0
33|34|0
34|35|0
35|36|0
36|37|0
37|38|0
38|39|0
39|40|0
40|41|0
41|42|0
42|43|0
43|44|0
44|45|0
45|46|0
46|47|0
47|48|0
48|49|0
49|50|0
50|51|0
51|52|0
52|53|0
53|54|0
54|55|0
55|56|0
56|57|0
57|58|0
58|59|0
59|60|0
60|61|0
61|62|0
62|63|0
63|64|0
64|65|0
65|66|0
66|67|0
67|68|0
68|69|0
69|70|0
70|71|0
71|72|0
72|73|0
73|74|0
74|75|0
75|76|0
76|77|0
77|78|0
78|79|0
79|80|0
80|81|0
81|82|0
82|83|0
83|84|0
84|85|0
85|86|0
86|87|0
87|88|0
88|89|0
89|90|0
90|91|0
91|92|0
92|93|0
93|94|0
94|95|0
95|96|0
96|97|0
97|98|0
98|99|0
99|100|0
100|101|0
101|102|0
102|103|0
103|104|0
104|105|0
105|106|0
106|107|0
107|108|0
108|109|0
109|110|0
110|111|0
111|112|0
112|113|0
113|114|0
114|115|0
115|116|0
117|118|1
118|119|1
119|120|1
120|121|1
121|122|1
122|123|1
123|124|1
124|125|1
125|126|1
126|127|1
127|128|1
128|129|1
129|130|1
130|131|1
131|132|1
132|133|1
133|134|1
134|135|1
135|136|1
136|137|1
137|138|1
138|139|1
139|140|1
140|141|1
141|142|1
142|143|1
143|144|1
144|145|1
145|146|1
146|147|1
147|148|1
148|149|1
149|150|1
150|151|1
151|152|1
152|153|1
153|154|1
154|155|1
155|156|1
156|157|1
157|158|1
158|159|1
159|160|1
160|161|1
161|162|1
162|163|1
163|164|1
164|165|1
165|166|1
166|167|1
167|168|1
168|169|1
169|170|1
170|171|1
171|172|1
172|173|1
173|174|1
174|175|1
175|176|1
176|177|1
177|178|1
178|179|1
179|180|1
180|181|1
181|182|1
182|183|1
183|184|1
184|185|1
185|186|1
186|187|1
187|188|1
188|189|1
189|190|1
190|191|1
191|192|1
192|193|1
193|194|1
194|195|1
195|196|1
196|197|1
197|198|1
198|199|1
199|200|1
200|201|1
201|202|1
202|203|1
203|204|1
204|205|1
205|206|1
206|207|1
207|208|1
208|209|1
209|210|1
210|211|1
211|212|1
212|213|1
213|214|1
214|215|1
215|216|1
216|217|1
217|218|1
218|219|1
219|220|1
220|221|1
221|222|1
222|223|1
223|224|1
224|225|1
225|226|1
226|227|1
227|228|1
228|229|1
229|230|1
230|231|1
231|232|1
232|233|1
233|234|1
234|235|1
235|236|1
236|237|1
237|238|1
238|239|1
239|240|1
240|241|1
241|242|1
242|243|1
243|244|1
244|245|1
245|246|1
246|247|1
247|248|1
248|249|1
249|250|1
250|251|1
251|252|1
252|253|1
253|254|1
254|255|1
255|256|1
256|257|1
257|258|1
258|259|1
259|260|1
260|261|1
261|262|1
262|263|1
263|264|1
264|265|1
265|266|1
266|267|1
267|268|1
268|269|1
269|270|1
270|271|1
271|272|1
272|273|1
273|274|1
274|275|1
275|276|1
276|277|1
277|278|1
278|279|1
279|280|1
280|281|1
281|282|1
282|283|1
283|284|1
284|285|1
285|286|1
286|287|1
287|288|1
288|289|1
289|290|1
290|291|1
291|292|1
292|293|1
293|294|1
294|295|1
295|296|1
296|297|1
297|298|1
298|299|1
299|300|1
300|301|1
301|302|1
302|303|1
303|304|1
304|305|1
305|306|1
306|307|1
307|308|1
308|309|1
309|310|1
310|311|1
311|312|1
312|313|1
313|314|1
314|315|1
315|316|1
316|317|1
317|318|1
318|319|1
319|320|1
320|321|1
321|322|1
322|323|1
323|324|1
324|325|1
325|326|1
326|327|1
327|328|1
328|329|1
329|330|1
330|331|1
331|332|1
332|333|1
333|334|1
334|335|1
335|336|1
336|337|1
337|338|1
338|339|1
339|340|1
341|342|2
342|343|2
343|344|2
344|345|2
345|346|2
346|347|2
347|348|2
348|349|2
349|350|2
350|351|2
351|352|2
352|353|2
353|354|2
354|355|2
355|356|2
356|357|2
357|358|2
358|359|2
359|360|2
360|361|2
361|362|2
362|363|2
363|364|2
364|365|2
365|366|2
366|367|2
367|368|2
368|369|2
369|370|2
370|371|2
371|372|2
372|373|2
373|374|2
374|375|2
375|376|2
376|377|2
377|378|2
378|379|2
379|380|2
380|381|2
381|382|2
382|383|2
383|384|2
384|385|2
385|386|2
386|387|2
387|388|2
388|389|2
389|390|2
390|391|2
391|392|2
392|393|2
393|394|2
394|395|2
395|396|2
396|397|2
397|398|2
398|399|2
399|400|2
400|401|2
401|402|2
402|403|2
403|404|2
404|405|2
405|406|2
406|407|2
407|408|2
408|409|2
409|410|2
410|411|2
411|412|2
412|413|2
413|414|2
414|415|2
415|416|2
416|417|2
417|418|2
418|419|2
419|420|2
420|421|2
421|422|2
422|423|2
423|424|2
424|425|2
425|426|2
426|427|2
427|428|2
428|429|2
429|430|2
430|431|2
431|432|2
432|433|2
433|434|2
434|435|2
435|436|2
436|437|2
437|438|2
438|439|2
439|440|2
440|441|2
441|442|2
442|443|2
443|444|2
444|445|2
445|446|2
446|447|2
447|448|2
448|449|2
449|450|2
450|451|2
451|452|2
453|454|3
454|455|3
455|456|3
456|457|3
457|458|3
458|459|3
459|460|3
460|461|3
461|462|3
462|463|3
463|464|3
464|465|3
465|466|3
466|467|3
467|468|3
468|469|3
469|470|3
470|471|3
471|472|3
472|473|3
473|474|3
474|475|3
475|476|3
476|477|3
477|478|3
478|479|3
479|480|3
480|481|3
481|482|3
482|483|3
483|484|3
484|485|3
485|486|3
486|487|3
487|488|3
488|489|3
489|490|3
490|491|3
491|492|3
492|493|3
493|494|3
494|495|3
495|496|3
496|497|3
497|498|3
498|499|3
499|500|3
500|501|3
501|502|3
502|503|3
503|504|3
504|505|3
505|506|3
506|507|3
507|508|3
508|509|3
509|510|3
510|511|3
511|512|3
512|513|3
513|514|3
514|515|3
515|516|3
516|517|3
517|518|3
518|519|3
519|520|3
520|521|3
521|522|3
522|523|3
523|524|3
524|525|3
525|526|3
526|527|3
527|528|3
528|529|3
529|530|3
530|531|3
531|532|3
532|533|3
533|534|3
534|535|3
535|536|3
536|537|3
537|538|3
538|539|3
539|540|3
540|541|3
541|542|3
542|543|3
543|544|3
544|545|3
545|546|3
546|547|3
547|548|3
548|549|3
549|550|3
550|551|3
551|552|3
552|553|3
553|554|3
554|555|3
555|556|3
556|557|3
557|558|3
558|559|3
559|560|3
560|561|3
561|562|3
562|563|3
563|564|3
564|565|3
565|566|3
566|567|3
567|568|3
568|569|3
569|570|3
570|571|3
571|572|3
572|573|3
573|574|3
574|575|3
575|576|3
577|578|6
578|579|6
579|580|6
580|581|6
581|582|6
582|583|6
583|584|6
584|585|6
585|586|6
586|587|6
587|588|6
588|589|6
589|590|6
590|591|6
591|592|6
592|593|6
593|594|6
594|595|6
595|596|6
596|597|6
597|598|6
598|599|6
599|600|6
600|601|6
601|602|6
602|603|6
603|604|6
604|605|6
605|606|6
606|607|6
607|608|6
608|609|6
609|610|6
610|611|6
611|612|6
612|613|6
613|614|6
614|615|6
615|616|6
616|617|6
617|618|6
618|619|6
619|620|6
620|621|6
621|622|6
622|623|6
623|624|6
624|625|6
625|626|6
626|627|6
627|628|6
628|629|6
629|630|6
630|631|6
631|632|6
632|633|6
633|634|6
634|635|6
635|636|6
636|637|6
637|638|6
638|639|6
639|640|6
640|641|6
641|642|6
642|643|6
643|644|6
644|645|6
645|646|6
646|647|6
647|648|6
648|649|6
649|650|6
650|651|6
651|652|6
652|653|6
653|654|6
654|655|6
655|656|6
656|657|6
657|658|6
658|659|6
659|660|6
660|661|6
661|662|6
662|663|6
663|664|6
664|665|6
665|666|6
666|667|6
667|668|6
668|669|6
669|670|6
670|671|6
671|672|6
672|673|6
673|674|6
674|675|6
675|676|6
676|677|6
677|678|6
678|679|6
679|680|6
680|681|6
681|682|6
682|683|6
683|684|6
684|685|6
685|686|6
686|687|6
687|688|6
688|689|6
689|690|6
690|691|6
691|692|6
692|693|6
693|694|6
694|695|6
695|696|6
696|697|6
697|698|6
698|699|6
699|700|6
700|701|6
701|702|6
702|703|6
703|704|6
704|705|6
705|706|6
707|708|7
708|709|7
709|710|7
710|711|7
711|712|7
713|714|8
714|715|8
715|716|8
716|717|8
717|718|8
718|719|8
719|720|8
720|721|8
721|722|8
722|723|8
723|724|8
724|725|8
725|726|8
726|727|8
727|728|8
728|729|8
729|730|8
730|731|8
731|732|8
732|733|8
733|734|8
734|735|8
735|736|8
736|737|8
737|738|8
738|739|8
739|740|8
740|741|8
741|742|8
742|743|8
743|744|8
744|745|8
745|746|8
746|747|8
747|748|8
748|749|8
749|750|8
750|751|8
751|752|8
752|753|8
753|754|8
754|755|8
755|756|8
756|757|8
757|758|8
758|759|8
759|760|8
760|761|8
761|762|8
762|763|8
763|764|8
764|765|8
765|766|8
766|767|8
767|768|8
768|769|8
769|770|8
770|771|8
771|772|8
772|773|8
773|774|8
774|775|8
775|776|8
776|777|8
777|778|8
778|779|8
779|780|8
780|781|8
781|782|8
782|783|8
783|784|8
784|785|8
785|786|8
786|787|8
787|788|8
788|789|8
789|790|8
790|791|8
791|792|8
792|793|8
793|794|8
794|795|8
795|796|8
796|797|8
797|798|8
798|799|8
799|800|8
800|801|8
801|802|8
802|803|8
803|804|8
804|805|8
805|806|8
806|807|8
807|808|8
808|809|8
809|810|8
810|811|8
811|812|8
812|813|8
813|814|8
814|815|8
815|816|8
816|817|8
817|818|8
818|819|8
819|820|8
820|821|8
821|822|8
822|823|8
823|824|8
824|825|8
825|826|8
826|827|8
827|828|8
828|829|8
829|830|8
830|831|8
831|832|8
832|833|8
833|834|8
834|835|8
835|836|8
836|837|8
837|838|8
838|839|8
839|840|8
840|841|8
841|842|8
842|843|8
844|845|9
845|846|9
846|847|9
847|848|9
848|849|9
849|850|9
850|851|9
851|852|9
852|853|9
853|854|9
854|855|9
855|856|9
856|857|9
857|858|9
858|859|9
859|860|9
860|861|9
861|862|9
862|863|9
863|864|9
864|865|9
865|866|9
866|867|9
867|868|9
868|869|9
869|870|9
870|871|9
871|872|9
872|873|9
873|874|9
874|875|9
875|876|9
876|877|9
877|878|9
878|879|9
879|880|9
880|881|9
881|882|9
882|883|9
883|884|9
884|885|9
885|886|9
886|887|9
887|888|9
888|889|9
889|890|9
890|891|9
891|892|9
892|893|9
893|894|9
894|895|9
895|896|9
896|897|9
897|898|9
898|899|9
899|900|9
900|901|9
901|902|9
902|903|9
903|904|9
904|905|9
905|906|9
906|907|9
907|908|9
908|909|9
909|910|9
910|911|9
911|912|9
912|913|9
913|914|9
914|915|9
915|916|9
916|917|9
917|918|9
918|919|9
919|920|9
920|921|9
921|922|9
922|923|9
923|924|9
924|925|9
925|926|9
926|927|9
927|928|9
928|929|9
929|930|9
930|931|9
931|932|9
932|933|9
933|934|9
934|935|9
935|936|9
936|937|9
937|938|9
938|939|9
939|940|9
940|941|9
941|942|9
942|943|9
943|944|9
944|945|9
945|946|9
946|947|9
947|948|9
948|949|9
949|950|9
950|951|9
951|952|9
952|953|9
953|954|9
954|955|9
955|956|9
956|957|9
957|958|9
958|959|9
959|960|9
960|961|9
961|962|9
962|963|9
963|964|9
964|965|9
965|966|9
966|967|9
967|968|9
968|969|9
969|970|9
970|971|9
971|972|9
972|973|9
973|974|9
974|975|9
975|976|9
976|977|9
977|978|9
978|979|9
979|980|9
980|981|9
981|982|9
982|983|9
983|984|9
984|985|9
985|986|9
986|987|9
987|988|9
988|989|9
989|990|9
990|991|9
991|992|9
992|993|9
993|994|9
994|995|9
995|996|9
996|997|9
997|998|9
998|999|9
999|1000|9
1000|1001|9
1001|1002|9
1002|1003|9
1003|1004|9
1004|1005|9
1005|1006|9
1006|1007|9
1007|1008|9
1008|1009|9
1010|1011|11
1011|1012|11
1012|1013|11
1013|1014|11
1014|1015|11
1015|1016|11
1016|1017|11
1017|1018|11
1018|1019|11
1019|1020|11
1020|1021|11
1021|1022|11
1022|1023|11
1023|1024|11
1024|1025|11
1025|1026|11
1026|1027|11
1027|1028|11
1028|1029|11
1029|1030|11
1030|1031|11
1031|1032|11
1032|1033|11
1033|1034|11
1034|1035|11
1035|1036|11
1036|1037|11
1037|1038|11
1038|1039|11
1039|1040|11
1040|1041|11
1041|1042|11
1042|1043|11
1043|1044|11
1044|1045|11
1045|1046|11
1046|1047|11
1047|1048|11
1048|1049|11
1049|1050|11
1050|1051|11
1051|1052|11
1052|1053|11
1053|1054|11
1054|1055|11
1055|1056|11
1056|1057|11
1057|1058|11
1058|1059|11
1059|1060|11
1060|1061|11
1061|1062|11
1062|1063|11
1063|1064|11
1064|1065|11
1065|1066|11
1066|1067|11
1067|1068|11
1068|1069|11
1069|1070|11
1070|1071|11
1071|1072|11
1072|1073|11
1073|1074|11
1074|1075|11
1075|1076|11
1076|1077|11
1077|1078|11
1078|1079|11
1079|1080|11
1080|1081|11
1081|1082|11
1082|1083|11
1083|1084|11
1084|1085|11
1085|1086|11
1086|1087|11
1087|1088|11
1088|1089|11
1089|1090|11
1090|1091|11
1091|1092|11
1092|1093|11
1093|1094|11
1094|1095|11
1095|1096|11
1096|1097|11
1097|1098|11
1098|1099|11
1099|1100|11
1100|1101|11
1101|1102|11
1102|1103|11
1103|1104|11
1104|1105|11
1105|1106|11
1106|1107|11
1107|1108|11
1108|1109|11
1109|1110|11
1110|1111|11
1111|1112|11
1112|1113|11
1113|1114|11
1114|1115|11
1115|1116|11
1116|1117|11
1117|1118|11
1118|1119|11
1119|1120|11
1120|1121|11
1121|1122|11
1122|1123|11
1123|1124|11
1124|1125|11
1125|1126|11
1126|1127|11
1128|1129|12
1129|1130|12
1130|1131|12
1131|1132|12
1132|1133|12
1133|1134|12
1134|1135|12
1135|1136|12
1136|1137|12
1137|1138|12
1138|1139|12
1139|1140|12
1140|1141|12
1141|1142|12
1142|1143|12
1143|1144|12
1144|1145|12
1145|1146|12
1146|1147|12
1147|1148|12
1148|1149|12
1149|1150|12
1150|1151|12
1151|1152|12
1152|1153|12
1153|1154|12
1154|1155|12
1155|1156|12
1156|1157|12
1157|1158|12
1158|1159|12
1159|1160|12
1160|1161|12
1161|1162|12
1162|1163|12
1163|1164|12
1164|1165|12
1165|1166|12
1166|1167|12
1167|1168|12
1168|1169|12
1169|1170|12
1170|1171|12
1171|1172|12
1172|1173|12
1173|1174|12
1174|1175|12
1175|1176|12
1176|1177|12
1177|1178|12
1178|1179|12
1179|1180|12
1180|1181|12
1181|1182|12
1182|1183|12
1183|1184|12
1184|1185|12
1185|1186|12
1186|1187|12
1187|1188|12
1188|1189|12
1189|1190|12
1191|1192|13
1192|1193|13
1193|1194|13
1194|1195|13
1195|1196|13
1196|1197|13
1197|1198|13
1198|1199|13
1199|1200|13
1200|1201|13
1201|1202|13
1202|1203|13
1203|1204|13
1204|1205|13
1205|1206|13
1206|1207|13
1207|1208|13
1208|1209|13
1209|1210|13
1210|1211|13
1211|1212|13
1212|1213|13
1213|1214|13
1214|1215|13
1215|1216|13
1216|1217|13
1217|1218|13
1218|1219|13
1219|1220|13
1220|1221|13
1221|1222|13
1222|1223|13
1223|1224|13
1224|1225|13
1225|1226|13
1226|1227|13
1227|1228|13
1229|1230|14
1230|1231|14
1231|1232|14
1232|1233|14
1233|1234|14
1234|1235|14
1235|1236|14
1236|1237|14
1237|1238|14
1238|1239|14
1239|1240|14
1240|1241|14
1241|1242|14
1242|1243|14
1243|1244|14
1244|1245|14
1245|1246|14
1246|1247|14
1247|1248|14
1248|1249|14
1249|1250|14
1250|1251|14
1251|1252|14
1252|1253|14
1253|1254|14
1254|1255|14
1255|1256|14
1256|1257|14
1257|1258|14
1258|1259|14
1259|1260|14
1260|1261|14
1261|1262|14
1262|1263|14
1263|1264|14
1264|1265|14
1265|1266|14
1266|1267|14
1267|1268|14
1268|1269|14
1269|1270|14
1270|1271|14
1271|1272|14
1272|1273|14
1273|1274|14
1274|1275|14
1275|1276|14
1276|1277|14
1277|1278|14
1278|1279|14
1279|1280|14
1280|1281|14
1281|1282|14
1282|1283|14
1283|1284|14
1284|1285|14
1285|1286|14
1286|1287|14
1287|1288|14
1288|1289|14
1289|1290|14
1290|1291|14
1291|1292|14
1292|1293|14
1293|1294|14
1294|1295|14
1295|1296|14
1296|1297|14
1297|1298|14
1298|1299|14
1299|1300|14
1300|1301|14
1301|1302|14
1302|1303|14
1303|1304|14
1304|1305|14
1305|1306|14
1306|1307|14
1307|1308|14
1308|1309|14
1309|1310|14
1310|1311|14
1311|1312|14
1312|1313|14
1313|1314|14
1314|1315|14
1315|1316|14
1316|1317|14
1317|1318|14
1318|1319|14
1319|1320|14
1321|1322|15
1322|1323|15
1323|1324|15
1324|1325|15
1325|1326|15
1326|1327|15
1327|1328|15
1329|1330|16
1330|1331|16
1331|1332|16
1332|1333|16
1333|1334|16
1334|1335|16
1335|1336|16
1336|1337|16
1337|1338|16
1338|1339|16
1339|1340|16
1340|1341|16
1341|1342|16
1342|1343|16
1343|1344|16
1344|1345|16
1345|1346|16
1346|1347|16
1347|1348|16
1348|1349|16
1349|1350|16
1350|1351|16
1351|1352|16
1352|1353|16
1353|1354|16
1354|1355|16
1355|1356|16
1356|1357|16
1357|1358|16
1358|1359|16
1359|1360|16
1360|1361|16
1361|1362|16
1362|1363|16
1363|1364|16
1364|1365|16
1365|1366|16
1366|1367|16
1367|1368|16
1368|1369|16
1369|1370|16
1370|1371|16
1371|1372|16
1372|1373|16
1373|1374|16
1374|1375|16
1375|1376|16
1376|1377|16
1377|1378|16
1378|1379|16
1379|1380|16
1380|1381|16
1381|1382|16
1382|1383|16
1383|1384|16
1384|1385|16
1385|1386|16
1386|1387|16
1387|1388|16
1388|1389|16
1389|1390|16
1390|1391|16
1391|1392|16
1392|1393|16
1393|1394|16
1394|1395|16
1395|1396|16
1396|1397|16
1397|1398|16
1398|1399|16
1399|1400|16
1400|1401|16
1401|1402|16
1402|1403|16
1403|1404|16
1404|1405|16
1405|1406|16
1406|1407|16
1407|1408|16
1408|1409|16
1409|1410|16
1410|1411|16
1411|1412|16
1412|1413|16
1413|1414|16
1414|1415|16
1415|1416|16
1416|1417|16
1417|1418|16
1418|1419|16
1419|1420|16
1421|1422|17
1422|1423|17
1423|1424|17
1424|1425|17
1425|1426|17
1426|1427|17
1427|1428|17
1428|1429|17
1429|1430|17
1430|1431|17
1431|1432|17
1432|1433|17
1433|1434|17
1434|1435|17
1435|1436|17
1436|1437|17
1437|1438|17
1438|1439|17
1439|1440|17
1440|1441|17
1441|1442|17
1442|1443|17
1443|1444|17
1444|1445|17
1445|1446|17
1446|1447|17
1447|1448|17
1448|1449|17
1449|1450|17
1450|1451|17
1451|1452|17
1452|1453|17
1453|1454|17
1454|1455|17
1455|1456|17
1456|1457|17
1457|1458|17
1458|1459|17
1459|1460|17
1460|1461|17
1461|1462|17
1462|1463|17
1463|1464|17
1464|1465|17
1465|1466|17
1466|1467|17
1467|1468|17
1468|1469|17
1469|1470|17
1470|1471|17
1471|1472|17
1472|1473|17
1473|1474|17
1474|1475|17
1475|1476|17
1476|1477|17
1477|1478|17
1478|1479|17
1479|1480|17
1480|1481|17
1481|1482|17
1482|1483|17
1483|1484|17
1484|1485|17
1485|1486|17
1486|1487|17
1487|1488|17
1488|1489|17
1489|1490|17
1490|1491|17
1491|1492|17
1492|1493|17
1493|1494|17
1494|1495|17
1495|1496|17
1496|1497|17
1497|1498|17
1498|1499|17
1499|1500|17
1500|1501|17
1501|1502|17
1502|1503|17
1503|1504|17
1504|1505|17
1505|1506|17
1506|1507|17
1507|1508|17
1508|1509|17
1509|1510|17
1510|1511|17
1511|1512|17
1512|1513|17
1513|1514|17
1514|1515|17
1515|1516|17
1516|1517|17
1517|1518|17
1518|1519|17
1519|1520|17
1520|1521|17
1521|1522|17
1522|1523|17
1523|1524|17
1524|1525|17
1525|1526|17
1526|1527|17
1527|1528|17
1528|1529|17
1529|1530|17
1530|1531|17
1531|1532|17
1532|1533|17
1533|1534|17
1534|1535|17
1535|1536|17
1536|1537|17
1537|1538|17
1538|1539|17
1539|1540|17
1540|1541|17
1541|1542|17
1542|1543|17
1543|1544|17
1544|1545|17
1545|1546|17
1546|1547|17
1547|1548|17
1548|1549|17
1549|1550|17
1550|1551|17
1551|1552|17
1552|1553|17
1553|1554|17
1554|1555|17
1555|1556|17
1556|1557|17
1557|1558|17
1558|1559|17
1559|1560|17
1560|1561|17
1561|1562|17
1562|1563|17
1563|1564|17
1564|1565|17
1565|1566|17
1566|1567|17
1567|1568|17
1568|1569|17
1569|1570|17
1570|1571|17
1571|1572|17
1572|1573|17
1573|1574|17
1574|1575|17
1575|1576|17
1576|1577|17
1577|1578|17
1578|1579|17
1579|1580|17
1580|1581|17
1581|1582|17
1582|1583|17
1583|1584|17
1584|1585|17
1585|1586|17
1586|1587|17
1587|1588|17
1588|1589|17
1589|1590|17
1590|1591|17
1591|1592|17
1592|1593|17
1593|1594|17
1594|1595|17
1595|1596|17
1596|1597|17
1597|1598|17
1598|1599|17
1599|1600|17
1600|1601|17
1601|1602|17
1602|1603|17
1603|1604|17
1604|1605|17
1605|1606|17
1606|1607|17
1607|1608|17
1608|1609|17
1609|1610|17
1610|1611|17
1611|1612|17
1612|1613|17
1613|1614|17
1614|1615|17
1615|1616|17
1616|1617|17
1617|1618|17
1618|1619|17
1619|1620|17
1620|1621|17
1621|1622|17
1622|1623|17
1624|1625|18
1625|1626|18
1626|1627|18
1627|1628|18
1629|1630|19
1630|1631|19
1631|1632|19
1632|1633|19
1633|1634|19
1634|1635|19
1635|1636|19
1636|1637|19
1637|1638|19
1638|1639|19
1639|1640|19
1640|1641|19
1641|1642|19
1642|1643|19
1643|1644|19
1644|1645|19
1646|1647|20
1647|1648|20
1649|1650|23
1650|1651|23
1651|1652|23
1653|1654|25
1654|1655|25
1655|1656|25
1656|1657|25
1657|1658|25
1658|1659|25
1659|1660|25
1660|1661|25
1661|1662|25
1662|1663|25
1663|1664|25
1664|1665|25
1665|1666|25
1666|1667|25
1667|1668|25
1668|1669|25
1669|1670|25
1670|1671|25
1671|1672|25
1672|1673|25
1673|1674|25
1674|1675|25
1675|1676|25
1676|1677|25
1677|1678|25
1678|1679|25
1679|1680|25
1680|1681|25
1681|1682|25
1682|1683|25
1683|1684|25
1684|1685|25
1685|1686|25
1686|1687|25
1687|1688|25
1688|1689|25
1689|1690|25
1690|1691|25
1691|1692|25
1692|1693|25
1693|1694|25
1694|1695|25
1695|1696|25
1696|1697|25
1697|1698|25
1698|1699|25
1699|1700|25
1700|1701|25
1701|1702|25
1702|1703|25
1703|1704|25
1704|1705|25
1705|1706|25
1706|1707|25
1707|1708|25
1708|1709|25
1709|1710|25
1710|1711|25
1711|1712|25
1712|1713|25
1713|1714|25
1714|1715|25
1715|1716|25
1716|1717|25
1717|1718|25
1718|1719|25
1719|1720|25
1720|1721|25
1721|1722|25
1722|1723|25
1723|1724|25
1724|1725|25
1725|1726|25
1726|1727|25
1727|1728|25
1728|1729|25
1729|1730|25
1730|1731|25
1731|1732|25
1732|1733|25
1733|1734|25
1734|1735|25
1735|1736|25
1736|1737|25
1737|1738|25
1738|1739|25
1739|1740|25
1740|1741|25
1741|1742|25
1742|1743|25
1743|1744|25
1744|1745|25
1745|1746|25
1746|1747|25
1747|1748|25
1748|1749|25
1749|1750|25
1750|1751|25
1752|1753|26
1753|1754|26
1754|1755|26
1755|1756|26
1756|1757|26
1757|1758|26
1758|1759|26
1759|1760|26
1760|1761|26
1761|1762|26
1762|1763|26
1763|1764|26
1764|1765|26
1765|1766|26
1766|1767|26
1767|1768|26
1768|1769|26
1769|1770|26
1770|1771|26
1771|1772|26
1772|1773|26
1773|1774|26
1774|1775|26
1775|1776|26
1776|1777|26
1777|1778|26
1778|1779|26
1779|1780|26
1780|1781|26
1781|1782|26
1782|1783|26
1783|1784|26
1784|1785|26
1785|1786|26
1786|1787|26
1787|1788|26
1788|1789|26
1789|1790|26
1790|1791|26
1791|1792|26
1792|1793|26
1793|1794|26
1794|1795|26
1795|1796|26
1796|1797|26
1797|1798|26
1798|1799|26
1799|1800|26
1800|1801|26
1801|1802|26
1802|1803|26
1803|1804|26
1804|1805|26
1805|1806|26
1806|1807|26
1807|1808|26
1808|1809|26
1809|1810|26
1810|1811|26
1811|1812|26
1812|1813|26
1813|1814|26
1814|1815|26
1815|1816|26
1816|1817|26
1817|1818|26
1818|1819|26
1819|1820|26
1820|1821|26
1821|1822|26
1822|1823|26
1823|1824|26
1824|1825|26
1826|1827|27
1827|1828|27
1828|1829|27
1829|1830|27
1830|1831|27
1831|1832|27
1832|1833|27
1833|1834|27
1834|1835|27
1835|1836|27
1836|1837|27
1837|1838|27
1838|1839|27
1839|1840|27
1840|1841|27
1841|1842|27
1842|1843|27
1843|1844|27
1844|1845|27
1845|1846|27
1846|1847|27
1847|1848|27
1848|1849|27
1849|1850|27
1850|1851|27
1851|1852|27
1852|1853|27
1853|1854|27
1854|1855|27
1855|1856|27
1856|1857|27
1857|1858|27
1858|1859|27
1859|1860|27
1860|1861|27
1861|1862|27
1862|1863|27
1863|1864|27
1864|1865|27
1865|1866|27
1866|1867|27
1867|1868|27
1868|1869|27
1869|1870|27
1870|1871|27
1871|1872|27
1872|1873|27
1873|1874|27
1874|1875|27
1875|1876|27
1876|1877|27
1877|1878|27
1878|1879|27
1879|1880|27
1880|1881|27
1881|1882|27
1882|1883|27
1883|1884|27
1884|1885|27
1885|1886|27
1886|1887|27
1887|1888|27
1888|1889|27
1889|1890|27
1890|1891|27
1891|1892|27
1892|1893|27
1893|1894|27
1894|1895|27
1895|1896|27
1896|1897|27
1897|1898|27
1898|1899|27
1899|1900|27
1900|1901|27
1901|1902|27
1902|1903|27
1903|1904|27
1904|1905|27
1905|1906|27
1906|1907|27
1907|1908|27
1908|1909|27
1909|1910|27
1910|1911|27
1911|1912|27
1912|1913|27
1913|1914|27
1914|1915|27
1915|1916|27
1916|1917|27
1917|1918|27
1918|1919|27
1919|1920|27
1920|1921|27
1921|1922|27
1922|1923|27
1923|1924|27
1924|1925|27
1925|1926|27
1926|1927|27
1927|1928|27
1928|1929|27
1929|1930|27
1930|1931|27
1931|1932|27
1932|1933|27
1933|1934|27
1934|1935|27
1935|1936|27
1936|1937|27
1937|1938|27
1938|1939|27
1939|1940|27
1940|1941|27
1941|1942|27
1942|1943|27
1943|1944|27
1944|1945|27
1945|1946|27
1946|1947|27
1947|1948|27
1948|1949|27
1950|1951|28
1951|1952|28
1952|1953|28
1953|1954|28
1954|1955|28
1955|1956|28
1956|1957|28
1957|1958|28
1958|1959|28
1959|1960|28
1960|1961|28
1961|1962|28
1962|1963|28
1963|1964|28
1964|1965|28
1965|1966|28
1966|1967|28
1967|1968|28
1968|1969|28
1969|1970|28
1970|1971|28
1971|1972|28
1972|1973|28
1973|1974|28
1974|1975|28
1975|1976|28
1976|1977|28
1977|1978|28
1978|1979|28
1979|1980|28
1980|1981|28
1981|1982|28
1982|1983|28
1983|1984|28
1984|1985|28
1985|1986|28
1986|1987|28
1987|1988|28
1988|1989|28
1989|1990|28
1990|1991|28
1991|1992|28
1992|1993|28
1993|1994|28
1994|1995|28
1995|1996|28
1996|1997|28
1997|1998|28
1998|1999|28
1999|2000|28
2000|2001|28
2001|2002|28
2002|2003|28
2003|2004|28
2004|2005|28
2005|2006|28
2006|2007|28
2007|2008|28
2008|2009|28
2009|2010|28
2010|2011|28
2011|2012|28
2012|2013|28
2013|2014|28
2014|2015|28
2015|2016|28
2016|2017|28
2017|2018|28
2018|2019|28
2019|2020|28
2020|2021|28
2021|2022|28
2022|2023|28
2023|2024|28
2024|2025|28
2025|2026|28
2026|2027|28
2027|2028|28
2028|2029|28
2029|2030|28
2030|2031|28
2031|2032|28
2032|2033|28
2033|2034|28
2034|2035|28
2035|2036|28
2036|2037|28
2037|2038|28
2038|2039|28
2039|2040|28
2040|2041|28
2041|2042|28
2042|2043|28
2043|2044|28
2044|2045|28
2045|2046|28
2046|2047|28
2048|2049|29
2049|2050|29
2050|2051|29
2051|2052|29
2052|2053|29
2053|2054|29
2054|2055|29
2055|2056|29
2056|2057|29
2057|2058|29
2058|2059|29
2059|2060|29
2060|2061|29
2061|2062|29
2062|2063|29
2063|2064|29
2064|2065|29
2065|2066|29
2066|2067|29
2067|2068|29
2068|2069|29
2069|2070|29
2070|2071|29
2071|2072|29
2072|2073|29
2073|2074|29
2074|2075|29
2075|2076|29
2076|2077|29
2077|2078|29
2078|2079|29
2079|2080|29
2080|2081|29
2081|2082|29
2082|2083|29
2083|2084|29
2084|2085|29
2085|2086|29
2086|2087|29
2087|2088|29
2088|2089|29
2089|2090|29
2090|2091|29
2091|2092|29
2092|2093|29
2093|2094|29
2094|2095|29
2095|2096|29
2096|2097|29
2097|2098|29
2098|2099|29
2099|2100|29
2100|2101|29
2101|2102|29
2102|2103|29
2103|2104|29
2104|2105|29
2105|2106|29
2106|2107|29
2107|2108|29
2108|2109|29
2109|2110|29
2110|2111|29
2111|2112|29
2112|2113|29
2113|2114|29
2114|2115|29
2115|2116|29
2116|2117|29
2117|2118|29
2118|2119|29
2119|2120|29
2120|2121|29
2121|2122|29
2122|2123|29
2124|2125|30
2125|2126|30
2126|2127|30
2127|2128|30
2128|2129|30
2129|2130|30
2130|2131|30
2131|2132|30
2132|2133|30
2133|2134|30
2134|2135|30
2135|2136|30
2136|2137|30
2137|2138|30
2138|2139|30
2139|2140|30
2140|2141|30
2141|2142|30
2142|2143|30
2143|2144|30
2144|2145|30
2145|2146|30
2146|2147|30
2147|2148|30
2148|2149|30
2149|2150|30
2150|2151|30
2151|2152|30
2152|2153|30
2153|2154|30
2154|2155|30
2155|2156|30
2156|2157|30
2157|2158|30
2158|2159|30
2159|2160|30
2160|2161|30
2161|2162|30
2162|2163|30
2163|2164|30
2164|2165|30
2165|2166|30
2166|2167|30
2167|2168|30
2168|2169|30
2169|2170|30
2170|2171|30
2171|2172|30
2172|2173|30
2173|2174|30
2174|2175|30
2175|2176|30
2176|2177|30
2177|2178|30
2178|2179|30
2179|2180|30
2180|2181|30
2181|2182|30
2182|2183|30
2183|2184|30
2184|2185|30
2185|2186|30
2186|2187|30
2187|2188|30
2188|2189|30
2189|2190|30
2190|2191|30
2191|2192|30
2192|2193|30
2193|2194|30
2194|2195|30
2195|2196|30
2196|2197|30
2197|2198|30
2198|2199|30
2199|2200|30
2200|2201|30
2201|2202|30
2202|2203|30
2203|2204|30
2204|2205|30
2205|2206|30
2206|2207|30
2207|2208|30
2208|2209|30
2209|2210|30
2210|2211|30
2211|2212|30
2212|2213|30
2213|2214|30
2214|2215|30
2215|2216|30
2216|2217|30
2217|2218|30
2218|2219|30
2219|2220|30
2220|2221|30
2221|2222|30
2222|2223|30
2223|2224|30
2224|2225|30
2225|2226|30
2226|2227|30
2227|2228|30
2228|2229|30
2229|2230|30
2230|2231|30
2231|2232|30
2232|2233|30
2233|2234|30
2234|2235|30
2235|2236|30
2236|2237|30
2237|2238|30
2238|2239|30
2239|2240|30
2240|2241|30
2241|2242|30
2242|2243|30
2243|2244|30
2244|2245|30
2245|2246|30
2246|2247|30
2247|2248|30
2249|2250|31
2250|2251|31
2251|2252|31
2252|2253|31
2253|2254|31
2254|2255|31
2255|2256|31
2256|2257|31
2257|2258|31
2258|2259|31
2259|2260|31
2260|2261|31
2261|2262|31
2262|2263|31
2263|2264|31
2264|2265|31
2265|2266|31
2266|2267|31
2267|2268|31
2268|2269|31
2269|2270|31
2270|2271|31
2271|2272|31
2272|2273|31
2273|2274|31
2274|2275|31
2275|2276|31
2276|2277|31
2277|2278|31
2278|2279|31
2279|2280|31
2280|2281|31
2281|2282|31
2282|2283|31
2283|2284|31
2284|2285|31
2285|2286|31
2286|2287|31
2287|2288|31
2288|2289|31
2289|2290|31
2290|2291|31
2291|2292|31
2292|2293|31
2293|2294|31
2294|2295|31
2295|2296|31
2296|2297|31
2297|2298|31
2298|2299|31
2299|2300|31
2300|2301|31
2301|2302|31
2302|2303|31
2303|2304|31
2304|2305|31
2305|2306|31
2306|2307|31
2307|2308|31
2308|2309|31
2309|2310|31
2310|2311|31
2311|2312|31
2312|2313|31
2313|2314|31
2314|2315|31
2315|2316|31
2316|2317|31
2317|2318|31
2318|2319|31
2319|2320|31
2320|2321|31
2321|2322|31
2322|2323|31
2323|2324|31
2324|2325|31
2325|2326|31
2326|2327|31
2327|2328|31
2328|2329|31
2329|2330|31
2330|2331|31
2331|2332|31
2332|2333|31
2333|2334|31
2334|2335|31
2335|2336|31
2336|2337|31
2337|2338|31
2338|2339|31
2339|2340|31
2341|2342|34
2342|2343|34
2343|2344|34
2344|2345|34
2345|2346|34
2346|2347|34
2347|2348|34
2348|2349|34
2349|2350|34
2350|2351|34
2351|2352|34
2352|2353|34
2353|2354|34
2354|2355|34
2355|2356|34
2356|2357|34
2357|2358|34
2358|2359|34
2359|2360|34
2360|2361|34
2361|2362|34
2362|2363|34
2363|2364|34
2364|2365|34
2365|2366|34
2366|2367|34
2367|2368|34
2368|2369|34
2369|2370|34
2370|2371|34
2371|2372|34
2372|2373|34
2373|2374|34
2374|2375|34
2375|2376|34
2376|2377|34
2377|2378|34
2378|2379|34
2379|2380|34
2380|2381|34
2381|2382|34
2382|2383|34
2383|2384|34
2384|2385|34
2385|2386|34
2386|2387|34
2387|2388|34
2388|2389|34
2389|2390|34
2390|2391|34
2391|2392|34
2392|2393|34
2393|2394|34
2394|2395|34
2395|2396|34
2396|2397|34
2397|2398|34
2398|2399|34
2399|2400|34
2400|2401|34
2401|2402|34
2402|2403|34
2403|2404|34
2404|2405|34
2405|2406|34
2406|2407|34
2407|2408|34
2408|2409|34
2409|2410|34
2410|2411|34
2411|2412|34
2412|2413|34
2413|2414|34
2414|2415|34
2415|2416|34
2416|2417|34
2417|2418|34
2418|2419|34
2419|2420|34
2420|2421|34
2421|2422|34
2422|2423|34
2423|2424|34
2424|2425|34
2425|2426|34
2426|2427|34
2427|2428|34
2428|2429|34
2429|2430|34
2430|2431|34
2431|2432|34
2432|2433|34
2433|2434|34
2434|2435|34
2435|2436|34
2436|2437|34
2437|2438|34
2438|2439|34
2439|2440|34
2440|2441|34
2441|2442|34
2442|2443|34
2443|2444|34
2444|2445|34
2445|2446|34
2446|2447|34
2447|2448|34
2448|2449|34
2449|2450|34
2450|2451|34
2451|2452|34
2452|2453|34
2453|2454|34
2454|2455|34
2455|2456|34
2456|2457|34
2457|2458|34
2458|2459|34
2459|2460|34
2460|2461|34
2462|2463|35
2463|2464|35
2464|2465|35
2465|2466|35
2466|2467|35
2467|2468|35
2468|2469|35
2469|2470|35
2470|2471|35
2471|2472|35
2472|2473|35
2473|2474|35
2474|2475|35
2475|2476|35
2476|2477|35
2477|2478|35
2478|2479|35
2479|2480|35
2480|2481|35
2481|2482|35
2482|2483|35
2484|2485|36
2485|2486|36
2486|2487|36
2487|2488|36
2488|2489|36
2489|2490|36
2490|2491|36
2491|2492|36
2492|2493|36
2493|2494|36
2494|2495|36
2495|2496|36
2496|2497|36
2497|2498|36
2498|2499|36
2499|2500|36
2500|2501|36
2501|2502|36
2502|2503|36
2503|2504|36
2504|2505|36
2505|2506|36
2506|2507|36
2507|2508|36
2508|2509|36
2509|2510|36
2510|2511|36
2511|2512|36
2512|2513|36
2514|2515|37
2515|2516|37
2516|2517|37
2517|2518|37
2518|2519|37
2519|2520|37
2520|2521|37
2521|2522|37
2522|2523|37
2523|2524|37
2524|2525|37
2525|2526|37
2526|2527|37
2527|2528|37
2528|2529|37
2529|2530|37
2530|2531|37
2531|2532|37
2532|2533|37
2533|2534|37
2534|2535|37
2535|2536|37
2536|2537|37
2537|2538|37
2538|2539|37
2539|2540|37
2540|2541|37
2541|2542|37
2542|2543|37
2543|2544|37
2544|2545|37
2545|2546|37
2546|2547|37
2547|2548|37
2548|2549|37
