Before|After|Eid
0|1|0
1|2|0
2|3|0
3|4|0
4|5|0
6|7|1
7|8|1
8|9|1
9|10|1
11|12|2
12|13|2
13|14|2
14|15|2
15|16|2
17|18|3
18|19|3
19|20|3
20|21|3
22|23|5
23|24|5
25|26|6
26|27|6
27|28|6
29|30|7
30|31|7
31|32|7
32|33|7
33|34|7
35|36|8
36|37|8
37|38|8
38|39|8
40|41|9
41|42|9
42|43|9
44|45|10
45|46|10
46|47|10
47|48|10
49|50|11
50|51|11
52|53|12
53|54|12
54|55|12
55|56|12
56|57|12
58|59|13
59|60|13
60|61|13
62|63|14
63|64|14
64|65|14
65|66|14
66|67|14
68|69|15
69|70|15
70|71|15
71|72|15
72|73|15
74|75|16
75|76|16
77|78|17
78|79|17
79|80|17
81|82|18
82|83|18
83|84|18
84|85|18
86|87|19
87|88|19
88|89|19
89|90|19
90|91|19
91|92|19
93|94|21
94|95|21
95|96|21
96|97|21
97|98|21
98|99|21
100|101|22
101|102|22
102|103|22
103|104|22
104|105|22
105|106|22
106|107|22
107|108|22
109|110|23
110|111|23
111|112|23
112|113|23
114|115|24
115|116|24
117|118|25
118|119|25
119|120|25
120|121|25
121|122|25
122|123|25
123|124|25
124|125|25
125|126|25
127|128|26
128|129|26
129|130|26
130|131|26
131|132|26
132|133|26
133|134|26
135|136|27
136|137|27
137|138|27
138|139|27
139|140|27
140|141|27
142|143|28
143|144|28
144|145|28
145|146|28
146|147|28
147|148|28
148|149|28
149|150|28
151|152|29
152|153|29
153|154|29
154|155|29
155|156|29
156|157|29
157|158|29
158|159|29
160|161|30
161|162|30
162|163|30
163|164|30
164|165|30
165|166|30
166|167|30
167|168|30
168|169|30
170|171|31
171|172|31
172|173|31
173|174|31
174|175|31
175|176|31
176|177|31
178|179|32
179|180|32
180|181|32
181|182|32
182|183|32
183|184|32
184|185|32
186|187|33
187|188|33
188|189|33
189|190|33
190|191|33
191|192|33
192|193|33
194|195|34
195|196|34
196|197|34
197|198|34
198|199|34
199|200|34
200|201|34
201|202|34
203|204|35
204|205|35
205|206|35
206|207|35
207|208|35
208|209|35
209|210|35
210|211|35
211|212|35
212|213|35
214|215|36
215|216|36
216|217|36
217|218|36
218|219|36
219|220|36
221|222|37
222|223|37
223|224|37
224|225|37
225|226|37
226|227|37
227|228|37
228|229|37
229|230|37
231|232|38
232|233|38
233|234|38
234|235|38
235|236|38
236|237|38
237|238|38
238|239|38
239|240|38
241|242|39
242|243|39
243|244|39
244|245|39
245|246|39
246|247|39
247|248|39
248|249|39
250|251|40
251|252|40
252|253|40
253|254|40
254|255|40
255|256|40
256|257|40
257|258|40
258|259|40
260|261|41
261|262|41
262|263|41
263|264|41
264|265|41
265|266|41
266|267|41
268|269|42
269|270|42
270|271|42
271|272|42
272|273|42
273|274|42
274|275|42
275|276|42
277|278|43
278|279|43
279|280|43
280|281|43
281|282|43
282|283|43
284|285|44
285|286|44
286|287|44
287|288|44
288|289|44
289|290|44
290|291|44
291|292|44
293|294|45
294|295|45
295|296|45
296|297|45
297|298|45
298|299|45
299|300|45
300|301|45
302|303|46
303|304|46
304|305|46
305|306|46
306|307|46
307|308|46
308|309|46
310|311|47
311|312|47
312|313|47
313|314|47
314|315|47
315|316|47
316|317|47
317|318|47
319|320|48
320|321|48
321|322|48
322|323|48
323|324|48
324|325|48
325|326|48
326|327|48
327|328|48
328|329|48
329|330|48
331|332|49
332|333|49
333|334|49
334|335|49
335|336|49
336|337|49
337|338|49
338|339|49
339|340|49
341|342|50
342|343|50
343|344|50
344|345|50
345|346|50
347|348|51
348|349|51
349|350|51
351|352|52
352|353|52
353|354|52
354|355|52
356|357|53
357|358|53
358|359|53
360|361|54
361|362|54
362|363|54
363|364|54
365|366|55
366|367|55
367|368|55
368|369|55
370|371|56
371|372|56
372|373|56
375|376|59
376|377|59
377|378|59
378|379|59
379|380|59
380|381|59
382|383|60
383|384|60
384|385|60
386|387|61
387|388|61
388|389|61
389|390|61
391|392|62
392|393|62
393|394|62
395|396|63
396|397|63
397|398|63
399|400|64
400|401|64
401|402|64
403|404|65
404|405|65
405|406|65
407|408|66
408|409|66
409|410|66
410|411|66
413|414|69
414|415|69
415|416|69
416|417|69
417|418|69
419|420|70
420|421|70
421|422|70
423|424|71
424|425|71
425|426|71
427|428|72
428|429|72
429|430|72
431|432|73
432|433|73
433|434|73
435|436|74
436|437|74
437|438|74
439|440|75
440|441|75
441|442|75
443|444|76
444|445|76
445|446|76
446|447|76
448|449|77
449|450|77
450|451|77
453|454|79
454|455|79
455|456|79
456|457|79
457|458|79
459|460|80
460|461|80
461|462|80
462|463|80
464|465|81
465|466|81
466|467|81
467|468|81
468|469|81
470|471|82
471|472|82
472|473|82
473|474|82
474|475|82
476|477|83
477|478|83
478|479|83
479|480|83
480|481|83
482|483|84
483|484|84
484|485|84
485|486|84
487|488|85
488|489|85
489|490|85
490|491|85
491|492|85
493|494|86
494|495|86
495|496|86
496|497|86
498|499|87
499|500|87
500|501|87
501|502|87
503|504|88
504|505|88
505|506|88
507|508|89
508|509|89
509|510|89
510|511|89
512|513|90
513|514|90
514|515|90
516|517|92
517|518|92
518|519|92
520|521|93
521|522|93
522|523|93
523|524|93
524|525|93
526|527|95
527|528|95
528|529|95
529|530|95
531|532|96
532|533|96
533|534|96
534|535|96
536|537|98
537|538|98
538|539|98
539|540|98
540|541|98
542|543|99
543|544|99
544|545|99
545|546|99
546|547|99
548|549|100
549|550|100
550|551|100
551|552|100
552|553|100
554|555|101
555|556|101
556|557|101
558|559|102
559|560|102
560|561|102
561|562|102
562|563|102
564|565|103
565|566|103
566|567|103
567|568|103
568|569|103
570|571|104
571|572|104
572|573|104
573|574|104
574|575|104
575|576|104
577|578|186
578|579|186
579|580|186
580|581|186
581|582|186
582|583|186
584|585|187
585|586|187
586|587|187
588|589|188
589|590|188
590|591|188
592|593|189
593|594|189
594|595|189
595|596|189
596|597|189
598|599|190
599|600|190
600|601|190
601|602|190
602|603|190
604|605|191
605|606|191
606|607|191
608|609|192
609|610|192
610|611|192
611|612|192
612|613|192
613|614|192
615|616|193
616|617|193
617|618|193
618|619|193
619|620|193
620|621|193
622|623|194
623|624|194
624|625|194
625|626|194
626|627|194
628|629|195
629|630|195
630|631|195
631|632|195
632|633|195
633|634|195
635|636|196
636|637|196
637|638|196
638|639|196
640|641|197
641|642|197
642|643|197
643|644|197
645|646|198
646|647|198
647|648|198
648|649|198
649|650|198
651|652|199
652|653|199
653|654|199
654|655|199
655|656|199
656|657|199
658|659|200
659|660|200
660|661|200
661|662|200
663|664|201
664|665|201
665|666|201
666|667|201
667|668|201
669|670|202
670|671|202
671|672|202
672|673|202
674|675|203
675|676|203
676|677|203
677|678|203
679|680|204
680|681|204
681|682|204
682|683|204
684|685|205
685|686|205
686|687|205
687|688|205
688|689|205
690|691|206
691|692|206
692|693|206
693|694|206
695|696|207
696|697|207
697|698|207
698|699|207
700|701|208
701|702|208
702|703|208
703|704|208
704|705|208
705|706|208
707|708|245
708|709|245
709|710|245
710|711|245
711|712|245
713|714|247
714|715|247
715|716|247
716|717|247
718|719|248
719|720|248
720|721|248
721|722|248
722|723|248
724|725|249
725|726|249
726|727|249
727|728|249
728|729|249
729|730|249
731|732|250
732|733|250
733|734|250
734|735|250
735|736|250
737|738|251
738|739|251
739|740|251
740|741|251
741|742|251
742|743|251
744|745|252
745|746|252
746|747|252
747|748|252
748|749|252
750|751|253
751|752|253
752|753|253
753|754|253
755|756|254
756|757|254
757|758|254
758|759|254
759|760|254
760|761|254
761|762|254
763|764|256
764|765|256
765|766|256
766|767|256
767|768|256
768|769|256
770|771|258
771|772|258
772|773|258
773|774|258
774|775|258
775|776|258
777|778|259
778|779|259
779|780|259
780|781|259
781|782|259
783|784|260
784|785|260
785|786|260
786|787|260
787|788|260
789|790|263
790|791|263
791|792|263
792|793|263
793|794|263
794|795|263
796|797|265
797|798|265
798|799|265
799|800|265
801|802|266
802|803|266
803|804|266
804|805|266
805|806|266
807|808|267
808|809|267
809|810|267
810|811|267
812|813|268
813|814|268
814|815|268
815|816|268
816|817|268
817|818|268
818|819|268
820|821|269
821|822|269
822|823|269
823|824|269
824|825|269
826|827|270
827|828|270
828|829|270
829|830|270
830|831|270
831|832|270
833|834|271
834|835|271
835|836|271
836|837|271
837|838|271
839|840|272
840|841|272
841|842|272
842|843|272
844|845|277
845|846|277
846|847|277
847|848|277
848|849|277
850|851|278
851|852|278
852|853|278
853|854|278
854|855|278
855|856|278
857|858|279
858|859|279
859|860|279
860|861|279
861|862|279
862|863|279
863|864|279
865|866|280
866|867|280
867|868|280
868|869|280
869|870|280
871|872|281
872|873|281
873|874|281
874|875|281
875|876|281
877|878|282
878|879|282
879|880|282
880|881|282
882|883|284
883|884|284
884|885|284
885|886|284
886|887|284
888|889|285
889|890|285
890|891|285
891|892|285
892|893|285
893|894|285
894|895|285
896|897|286
897|898|286
898|899|286
899|900|286
900|901|286
902|903|287
903|904|287
904|905|287
905|906|287
906|907|287
907|908|287
909|910|288
910|911|288
911|912|288
912|913|288
913|914|288
914|915|288
915|916|288
917|918|289
918|919|289
919|920|289
920|921|289
921|922|289
922|923|289
923|924|289
925|926|290
926|927|290
927|928|290
928|929|290
929|930|290
930|931|290
931|932|290
932|933|290
934|935|291
935|936|291
936|937|291
937|938|291
938|939|291
939|940|291
940|941|291
942|943|293
943|944|293
944|945|293
945|946|293
946|947|293
947|948|293
948|949|293
949|950|293
950|951|293
952|953|294
953|954|294
954|955|294
955|956|294
956|957|294
957|958|294
958|959|294
959|960|294
961|962|295
962|963|295
963|964|295
964|965|295
965|966|295
966|967|295
967|968|295
969|970|296
970|971|296
971|972|296
972|973|296
973|974|296
974|975|296
975|976|296
977|978|297
978|979|297
979|980|297
980|981|297
981|982|297
982|983|297
983|984|297
984|985|297
986|987|298
987|988|298
988|989|298
989|990|298
990|991|298
991|992|298
993|994|299
994|995|299
995|996|299
996|997|299
997|998|299
998|999|299
999|1000|299
1000|1001|299
1002|1003|300
1003|1004|300
1004|1005|300
1005|1006|300
1006|1007|300
1007|1008|300
1008|1009|300
1010|1011|328
1011|1012|328
1012|1013|328
1013|1014|328
1014|1015|328
1015|1016|328
1016|1017|328
1017|1018|328
1019|1020|329
1020|1021|329
1021|1022|329
1022|1023|329
1024|1025|330
1025|1026|330
1026|1027|330
1028|1029|331
1029|1030|331
1030|1031|331
1031|1032|331
1033|1034|332
1034|1035|332
1035|1036|332
1036|1037|332
1038|1039|333
1039|1040|333
1040|1041|333
1042|1043|334
1043|1044|334
1045|1046|335
1046|1047|335
1047|1048|335
1048|1049|335
1049|1050|335
1051|1052|336
1052|1053|336
1053|1054|336
1055|1056|337
1056|1057|337
1057|1058|337
1058|1059|337
1059|1060|337
1061|1062|338
1062|1063|338
1063|1064|338
1064|1065|338
1066|1067|339
1067|1068|339
1068|1069|339
1070|1071|341
1071|1072|341
1072|1073|341
1073|1074|341
1075|1076|342
1076|1077|342
1077|1078|342
1079|1080|343
1080|1081|343
1081|1082|343
1082|1083|343
1083|1084|343
1085|1086|344
1086|1087|344
1087|1088|344
1088|1089|344
1089|1090|344
1091|1092|345
1092|1093|345
1093|1094|345
1095|1096|346
1096|1097|346
1097|1098|346
1098|1099|346
1100|1101|347
1101|1102|347
1102|1103|347
1103|1104|347
1105|1106|348
1106|1107|348
1107|1108|348
1108|1109|348
1110|1111|349
1111|1112|349
1112|1113|349
1113|1114|349
1115|1116|350
1116|1117|350
1117|1118|350
1118|1119|350
1120|1121|351
1121|1122|351
1122|1123|351
1124|1125|352
1125|1126|352
1126|1127|352
1128|1129|356
1129|1130|356
1130|1131|356
1131|1132|356
1132|1133|356
1133|1134|356
1135|1136|358
1136|1137|358
1137|1138|358
1138|1139|358
1140|1141|360
1141|1142|360
1142|1143|360
1143|1144|360
1144|1145|360
1145|1146|360
1147|1148|361
1148|1149|361
1149|1150|361
1150|1151|361
1152|1153|364
1153|1154|364
1154|1155|364
1155|1156|364
1156|1157|364
1158|1159|366
1159|1160|366
1160|1161|366
1161|1162|366
1162|1163|366
1163|1164|366
1165|1166|369
1166|1167|369
1167|1168|369
1168|1169|369
1169|1170|369
1171|1172|370
1172|1173|370
1173|1174|370
1174|1175|370
1175|1176|370
1176|1177|370
1178|1179|371
1179|1180|371
1180|1181|371
1181|1182|371
1182|1183|371
1183|1184|371
1185|1186|379
1186|1187|379
1187|1188|379
1188|1189|379
1189|1190|379
1191|1192|380
1192|1193|380
1193|1194|380
1194|1195|380
1196|1197|381
1197|1198|381
1198|1199|381
1199|1200|381
1201|1202|382
1202|1203|382
1204|1205|384
1205|1206|384
1206|1207|384
1208|1209|386
1209|1210|386
1210|1211|386
1211|1212|386
1213|1214|388
1214|1215|388
1215|1216|388
1216|1217|388
1217|1218|388
1219|1220|393
1220|1221|393
1222|1223|398
1223|1224|398
1224|1225|398
1226|1227|401
1227|1228|401
1229|1230|403
1230|1231|403
1231|1232|403
1233|1234|404
1234|1235|404
1235|1236|404
1236|1237|404
1238|1239|405
1239|1240|405
1240|1241|405
1241|1242|405
1243|1244|406
1244|1245|406
1245|1246|406
1246|1247|406
1248|1249|407
1249|1250|407
1250|1251|407
1251|1252|407
1252|1253|407
1254|1255|408
1255|1256|408
1256|1257|408
1257|1258|408
1258|1259|408
1260|1261|409
1261|1262|409
1262|1263|409
1263|1264|409
1264|1265|409
1265|1266|409
1266|1267|409
1268|1269|410
1269|1270|410
1270|1271|410
1271|1272|410
1272|1273|410
1273|1274|410
1275|1276|411
1276|1277|411
1278|1279|412
1279|1280|412
1281|1282|413
1282|1283|413
1283|1284|413
1285|1286|414
1286|1287|414
1287|1288|414
1288|1289|414
1290|1291|415
1291|1292|415
1293|1294|416
1295|1296|417
1296|1297|417
1297|1298|417
1298|1299|417
1300|1301|419
1301|1302|419
1302|1303|419
1304|1305|420
1305|1306|420
1306|1307|420
1307|1308|420
1308|1309|420
1309|1310|420
1311|1312|426
1312|1313|426
1313|1314|426
1315|1316|427
1316|1317|427
1317|1318|427
1318|1319|427
1319|1320|427
1321|1322|442
1322|1323|442
1323|1324|442
1325|1326|449
1326|1327|449
1327|1328|449
1329|1330|457
1330|1331|457
1331|1332|457
1332|1333|457
1334|1335|458
1335|1336|458
1336|1337|458
1337|1338|458
1339|1340|459
1340|1341|459
1341|1342|459
1342|1343|459
1344|1345|460
1345|1346|460
1346|1347|460
1347|1348|460
1349|1350|461
1350|1351|461
1351|1352|461
1352|1353|461
1354|1355|462
1355|1356|462
1356|1357|462
1358|1359|463
1359|1360|463
1360|1361|463
1361|1362|463
1363|1364|464
1364|1365|464
1365|1366|464
1366|1367|464
1368|1369|465
1369|1370|465
1370|1371|465
1372|1373|466
1373|1374|466
1374|1375|466
1376|1377|467
1377|1378|467
1378|1379|467
1380|1381|468
1381|1382|468
1382|1383|468
1384|1385|470
1385|1386|470
1386|1387|470
1387|1388|470
1389|1390|471
1390|1391|471
1391|1392|471
1392|1393|471
1393|1394|471
1395|1396|472
1396|1397|472
1397|1398|472
1398|1399|472
1400|1401|473
1401|1402|473
1402|1403|473
1403|1404|473
1405|1406|476
1406|1407|476
1407|1408|476
1408|1409|476
1410|1411|477
1411|1412|477
1412|1413|477
1413|1414|477
1415|1416|478
1416|1417|478
1417|1418|478
1418|1419|478
1419|1420|478
1421|1422|481
1422|1423|481
1423|1424|481
1424|1425|481
1425|1426|481
1427|1428|484
1428|1429|484
1429|1430|484
1431|1432|487
1432|1433|487
1433|1434|487
1434|1435|487
1436|1437|488
1437|1438|488
1438|1439|488
1439|1440|488
1440|1441|488
1442|1443|489
1443|1444|489
1444|1445|489
1445|1446|489
1446|1447|489
1447|1448|489
1449|1450|492
1450|1451|492
1451|1452|492
1452|1453|492
1453|1454|492
1455|1456|493
1456|1457|493
1457|1458|493
1458|1459|493
1459|1460|493
1461|1462|495
1462|1463|495
1463|1464|495
1464|1465|495
1465|1466|495
1467|1468|496
1468|1469|496
1469|1470|496
1470|1471|496
1472|1473|497
1473|1474|497
1474|1475|497
1475|1476|497
1476|1477|497
1477|1478|497
1478|1479|497
1479|1480|497
1481|1482|499
1482|1483|499
1483|1484|499
1484|1485|499
1485|1486|499
1487|1488|501
1488|1489|501
1489|1490|501
1490|1491|501
1491|1492|501
1492|1493|501
1493|1494|501
1495|1496|502
1496|1497|502
1497|1498|502
1498|1499|502
1499|1500|502
1500|1501|502
1501|1502|502
1503|1504|503
1504|1505|503
1505|1506|503
1507|1508|504
1508|1509|504
1509|1510|504
1510|1511|504
1511|1512|504
1512|1513|504
1513|1514|504
1515|1516|505
1516|1517|505
1517|1518|505
1518|1519|505
1519|1520|505
1520|1521|505
1522|1523|506
1523|1524|506
1524|1525|506
1525|1526|506
1526|1527|506
1528|1529|507
1529|1530|507
1530|1531|507
1531|1532|507
1532|1533|507
1533|1534|507
1535|1536|508
1536|1537|508
1537|1538|508
1538|1539|508
1539|1540|508
1540|1541|508
1542|1543|509
1543|1544|509
1544|1545|509
1545|1546|509
1546|1547|509
1548|1549|510
1549|1550|510
1550|1551|510
1551|1552|510
1552|1553|510
1553|1554|510
1555|1556|512
1556|1557|512
1557|1558|512
1558|1559|512
1560|1561|513
1561|1562|513
1562|1563|513
1563|1564|513
1564|1565|513
1565|1566|513
1566|1567|513
1568|1569|514
1569|1570|514
1570|1571|514
1571|1572|514
1572|1573|514
1573|1574|514
1575|1576|515
1576|1577|515
1577|1578|515
1578|1579|515
1579|1580|515
1580|1581|515
1581|1582|515
1582|1583|515
1583|1584|515
1584|1585|515
1585|1586|515
1586|1587|515
1587|1588|515
1588|1589|515
1589|1590|515
1590|1591|515
1591|1592|515
1592|1593|515
1593|1594|515
1594|1595|515
1595|1596|515
1596|1597|515
1597|1598|515
1598|1599|515
1599|1600|515
1600|1601|515
1601|1602|515
1603|1604|516
1604|1605|516
1605|1606|516
1606|1607|516
1607|1608|516
1608|1609|516
1610|1611|517
1611|1612|517
1612|1613|517
1613|1614|517
1614|1615|517
1616|1617|518
1617|1618|518
1618|1619|518
1619|1620|518
1620|1621|518
1621|1622|518
1622|1623|518
1624|1625|532
1625|1626|532
1626|1627|532
1627|1628|532
1629|1630|556
1630|1631|556
1631|1632|556
1632|1633|556
1633|1634|556
1635|1636|565
1636|1637|565
1637|1638|565
1638|1639|565
1639|1640|565
1641|1642|571
1642|1643|571
1643|1644|571
1644|1645|571
1646|1647|573
1647|1648|573
1649|1650|647
1650|1651|647
1651|1652|647
1653|1654|694
1654|1655|694
1655|1656|694
1656|1657|694
1658|1659|695
1659|1660|695
1660|1661|695
1661|1662|695
1663|1664|696
1664|1665|696
1665|1666|696
1666|1667|696
1667|1668|696
1669|1670|697
1670|1671|697
1671|1672|697
1672|1673|697
1673|1674|697
1675|1676|698
1676|1677|698
1677|1678|698
1678|1679|698
1679|1680|698
1681|1682|699
1682|1683|699
1683|1684|699
1684|1685|699
1685|1686|699
1687|1688|700
1688|1689|700
1689|1690|700
1690|1691|700
1691|1692|700
1693|1694|701
1694|1695|701
1695|1696|701
1696|1697|701
1697|1698|701
1698|1699|701
1700|1701|702
1701|1702|702
1702|1703|702
1703|1704|702
1704|1705|702
1705|1706|702
1707|1708|703
1708|1709|703
1709|1710|703
1710|1711|703
1711|1712|703
1712|1713|703
1714|1715|704
1715|1716|704
1716|1717|704
1717|1718|704
1718|1719|704
1720|1721|705
1721|1722|705
1722|1723|705
1723|1724|705
1724|1725|705
1725|1726|705
1726|1727|705
1727|1728|705
1729|1730|706
1730|1731|706
1731|1732|706
1732|1733|706
1733|1734|706
1735|1736|707
1736|1737|707
1737|1738|707
1738|1739|707
1739|1740|707
1741|1742|708
1742|1743|708
1743|1744|708
1744|1745|708
1746|1747|709
1747|1748|709
1748|1749|709
1749|1750|709
1750|1751|709
1752|1753|711
1753|1754|711
1754|1755|711
1755|1756|711
1756|1757|711
1757|1758|711
1758|1759|711
1760|1761|713
1761|1762|713
1762|1763|713
1763|1764|713
1764|1765|713
1765|1766|713
1766|1767|713
1767|1768|713
1769|1770|715
1770|1771|715
1771|1772|715
1772|1773|715
1773|1774|715
1775|1776|717
1776|1777|717
1777|1778|717
1778|1779|717
1780|1781|718
1781|1782|718
1782|1783|718
1783|1784|718
1784|1785|718
1785|1786|718
1786|1787|718
1788|1789|719
1789|1790|719
1790|1791|719
1791|1792|719
1792|1793|719
1793|1794|719
1794|1795|719
1796|1797|721
1797|1798|721
1798|1799|721
1799|1800|721
1800|1801|721
1801|1802|721
1803|1804|722
1804|1805|722
1805|1806|722
1807|1808|725
1808|1809|725
1809|1810|725
1810|1811|725
1811|1812|725
1813|1814|726
1814|1815|726
1815|1816|726
1816|1817|726
1817|1818|726
1818|1819|726
1819|1820|726
1821|1822|730
1822|1823|730
1823|1824|730
1824|1825|730
1826|1827|736
1827|1828|736
1828|1829|736
1829|1830|736
1831|1832|737
1832|1833|737
1833|1834|737
1834|1835|737
1835|1836|737
1836|1837|737
1838|1839|738
1839|1840|738
1840|1841|738
1841|1842|738
1842|1843|738
1843|1844|738
1845|1846|741
1846|1847|741
1847|1848|741
1848|1849|741
1849|1850|741
1850|1851|741
1852|1853|742
1853|1854|742
1854|1855|742
1855|1856|742
1856|1857|742
1857|1858|742
1859|1860|743
1860|1861|743
1861|1862|743
1862|1863|743
1863|1864|743
1865|1866|744
1866|1867|744
1867|1868|744
1868|1869|744
1870|1871|745
1871|1872|745
1872|1873|745
1873|1874|745
1874|1875|745
1876|1877|747
1877|1878|747
1878|1879|747
1879|1880|747
1880|1881|747
1882|1883|748
1883|1884|748
1885|1886|749
1886|1887|749
1887|1888|749
1888|1889|749
1889|1890|749
1890|1891|749
1891|1892|749
1893|1894|750
1894|1895|750
1895|1896|750
1896|1897|750
1897|1898|750
1898|1899|750
1900|1901|751
1901|1902|751
1903|1904|752
1904|1905|752
1905|1906|752
1906|1907|752
1907|1908|752
1909|1910|753
1910|1911|753
1911|1912|753
1912|1913|753
1913|1914|753
1915|1916|754
1916|1917|754
1917|1918|754
1918|1919|754
1919|1920|754
1920|1921|754
1921|1922|754
1923|1924|755
1924|1925|755
1925|1926|755
1926|1927|755
1927|1928|755
1928|1929|755
1930|1931|756
1931|1932|756
1932|1933|756
1933|1934|756
1934|1935|756
1936|1937|758
1937|1938|758
1938|1939|758
1939|1940|758
1940|1941|758
1941|1942|758
1943|1944|759
1944|1945|759
1945|1946|759
1946|1947|759
1947|1948|759
1948|1949|759
1950|1951|760
1951|1952|760
1952|1953|760
1953|1954|760
1955|1956|761
1956|1957|761
1957|1958|761
1959|1960|762
1960|1961|762
1961|1962|762
1963|1964|763
1964|1965|763
1965|1966|763
1967|1968|764
1968|1969|764
1969|1970|764
1971|1972|765
1972|1973|765
1974|1975|766
1975|1976|766
1976|1977|766
1977|1978|766
1979|1980|767
1980|1981|767
1981|1982|767
1983|1984|768
1984|1985|768
1986|1987|769
1988|1989|770
1989|1990|770
1990|1991|770
1992|1993|771
1993|1994|771
1995|1996|772
1997|1998|773
1998|1999|773
1999|2000|773
2001|2002|774
2002|2003|774
2003|2004|774
2005|2006|775
2006|2007|775
2007|2008|775
2009|2010|776
2010|2011|776
2011|2012|776
2013|2014|777
2014|2015|777
2015|2016|777
2017|2018|778
2018|2019|778
2019|2020|778
2021|2022|779
2022|2023|779
2023|2024|779
2025|2026|780
2026|2027|780
2028|2029|781
2029|2030|781
2030|2031|781
2032|2033|782
2033|2034|782
2034|2035|782
2036|2037|783
2037|2038|783
2038|2039|783
2040|2041|784
2041|2042|784
2042|2043|784
2044|2045|785
2045|2046|785
2046|2047|785
2048|2049|787
2049|2050|787
2050|2051|787
2052|2053|789
2053|2054|789
2054|2055|789
2055|2056|789
2057|2058|790
2058|2059|790
2059|2060|790
2060|2061|790
2061|2062|790
2063|2064|792
2064|2065|792
2065|2066|792
2066|2067|792
2067|2068|792
2069|2070|793
2070|2071|793
2071|2072|793
2072|2073|793
2074|2075|794
2075|2076|794
2076|2077|794
2077|2078|794
2079|2080|795
2080|2081|795
2081|2082|795
2082|2083|795
2084|2085|797
2085|2086|797
2086|2087|797
2088|2089|798
2089|2090|798
2090|2091|798
2091|2092|798
2093|2094|799
2094|2095|799
2095|2096|799
2096|2097|799
2098|2099|802
2099|2100|802
2100|2101|802
2101|2102|802
2102|2103|802
2104|2105|805
2105|2106|805
2106|2107|805
2107|2108|805
2108|2109|805
2110|2111|808
2111|2112|808
2112|2113|808
2113|2114|808
2115|2116|809
2116|2117|809
2117|2118|809
2118|2119|809
2120|2121|810
2121|2122|810
2122|2123|810
2124|2125|812
2125|2126|812
2126|2127|812
2127|2128|812
2128|2129|812
2130|2131|813
2131|2132|813
2132|2133|813
2133|2134|813
2134|2135|813
2136|2137|814
2137|2138|814
2138|2139|814
2139|2140|814
2140|2141|814
2142|2143|815
2143|2144|815
2144|2145|815
2145|2146|815
2147|2148|816
2148|2149|816
2149|2150|816
2150|2151|816
2152|2153|817
2153|2154|817
2154|2155|817
2155|2156|817
2157|2158|818
2158|2159|818
2159|2160|818
2160|2161|818
2162|2163|819
2163|2164|819
2164|2165|819
2165|2166|819
2166|2167|819
2168|2169|820
2169|2170|820
2170|2171|820
2171|2172|820
2172|2173|820
2173|2174|820
2174|2175|820
2177|2178|823
2178|2179|823
2179|2180|823
2180|2181|823
2181|2182|823
2183|2184|824
2184|2185|824
2185|2186|824
2186|2187|824
2188|2189|825
2189|2190|825
2190|2191|825
2191|2192|825
2192|2193|825
2193|2194|825
2195|2196|826
2196|2197|826
2197|2198|826
2199|2200|827
2200|2201|827
2201|2202|827
2202|2203|827
2203|2204|827
2204|2205|827
2205|2206|827
2207|2208|828
2208|2209|828
2209|2210|828
2210|2211|828
2211|2212|828
2213|2214|829
2214|2215|829
2215|2216|829
2216|2217|829
2217|2218|829
2218|2219|829
2219|2220|829
2221|2222|830
2222|2223|830
2223|2224|830
2224|2225|830
2225|2226|830
2226|2227|830
2228|2229|831
2229|2230|831
2230|2231|831
2231|2232|831
2232|2233|831
2233|2234|831
2235|2236|832
2236|2237|832
2237|2238|832
2238|2239|832
2239|2240|832
2241|2242|833
2242|2243|833
2243|2244|833
2245|2246|834
2246|2247|834
2247|2248|834
2249|2250|837
2250|2251|837
2251|2252|837
2253|2254|838
2254|2255|838
2255|2256|838
2257|2258|839
2258|2259|839
2259|2260|839
2261|2262|840
2262|2263|840
2263|2264|840
2265|2266|841
2266|2267|841
2267|2268|841
2269|2270|842
2270|2271|842
2272|2273|843
2273|2274|843
2274|2275|843
2276|2277|844
2277|2278|844
2278|2279|844
2280|2281|845
2281|2282|845
2282|2283|845
2284|2285|846
2285|2286|846
2286|2287|846
2288|2289|847
2289|2290|847
2291|2292|848
2292|2293|848
2293|2294|848
2295|2296|849
2296|2297|849
2297|2298|849
2299|2300|851
2300|2301|851
2301|2302|851
2302|2303|851
2304|2305|852
2305|2306|852
2307|2308|853
2308|2309|853
2309|2310|853
2311|2312|854
2312|2313|854
2314|2315|855
2315|2316|855
2316|2317|855
2317|2318|855
2318|2319|855
2320|2321|856
2321|2322|856
2323|2324|857
2324|2325|857
2326|2327|858
2327|2328|858
2328|2329|858
2330|2331|859
2331|2332|859
2332|2333|859
2334|2335|860
2335|2336|860
2337|2338|861
2338|2339|861
2339|2340|861
2341|2342|911
2342|2343|911
2344|2345|912
2345|2346|912
2346|2347|912
2347|2348|912
2349|2350|913
2350|2351|913
2351|2352|913
2352|2353|913
2353|2354|913
2354|2355|913
2355|2356|913
2357|2358|914
2358|2359|914
2359|2360|914
2360|2361|914
2361|2362|914
2362|2363|914
2364|2365|915
2365|2366|915
2366|2367|915
2367|2368|915
2368|2369|915
2370|2371|916
2371|2372|916
2372|2373|916
2373|2374|916
2374|2375|916
2375|2376|916
2377|2378|917
2378|2379|917
2379|2380|917
2380|2381|917
2381|2382|917
2383|2384|918
2384|2385|918
2385|2386|918
2386|2387|918
2387|2388|918
2388|2389|918
2390|2391|919
2391|2392|919
2392|2393|919
2393|2394|919
2395|2396|920
2396|2397|920
2397|2398|920
2398|2399|920
2400|2401|921
2401|2402|921
2402|2403|921
2403|2404|921
2404|2405|921
2406|2407|922
2407|2408|922
2408|2409|922
2409|2410|922
2410|2411|922
2412|2413|925
2413|2414|925
2414|2415|925
2415|2416|925
2416|2417|925
2418|2419|926
2419|2420|926
2420|2421|926
2421|2422|926
2422|2423|926
2423|2424|926
2425|2426|928
2426|2427|928
2427|2428|928
2428|2429|928
2430|2431|929
2431|2432|929
2432|2433|929
2433|2434|929
2434|2435|929
2436|2437|930
2437|2438|930
2438|2439|930
2439|2440|930
2440|2441|930
2441|2442|930
2443|2444|931
2444|2445|931
2445|2446|931
2446|2447|931
2447|2448|931
2449|2450|932
2450|2451|932
2451|2452|932
2452|2453|932
2453|2454|932
2454|2455|932
2455|2456|932
2457|2458|933
2458|2459|933
2459|2460|933
2460|2461|933
2462|2463|947
2463|2464|947
2464|2465|947
2465|2466|947
2466|2467|947
2467|2468|947
2469|2470|950
2470|2471|950
2471|2472|950
2472|2473|950
2473|2474|950
2474|2475|950
2476|2477|952
2477|2478|952
2478|2479|952
2479|2480|952
2480|2481|952
2481|2482|952
2482|2483|952
2484|2485|959
2485|2486|959
2486|2487|959
2487|2488|959
2489|2490|960
2490|2491|960
2491|2492|960
2492|2493|960
2493|2494|960
2495|2496|961
2496|2497|961
2497|2498|961
2499|2500|965
2500|2501|965
2502|2503|966
2503|2504|966
2505|2506|978
2506|2507|978
2507|2508|978
2508|2509|978
2510|2511|980
2511|2512|980
2512|2513|980
2514|2515|984
2515|2516|984
2516|2517|984
2518|2519|990
2519|2520|990
2520|2521|990
2521|2522|990
2522|2523|990
2524|2525|992
2525|2526|992
2526|2527|992
2527|2528|992
2528|2529|992
2530|2531|993
2531|2532|993
2532|2533|993
2533|2534|993
2535|2536|1004
2536|2537|1004
2537|2538|1004
2538|2539|1004
2539|2540|1004
2540|2541|1004
2542|2543|1005
2543|2544|1005
2544|2545|1005
2545|2546|1005
2547|2548|1008
2548|2549|1008
